id,id_region,name
1,2,MEDELLÍN
2,2,ABEJORRAL
3,2,ABRIAQUÍ
4,2,ALEJANDRÍA
5,2,AMAGÁ
6,2,AMALFI
7,2,ANDES
8,2,ANGELÓPOLIS
9,2,ANGOSTURA
10,2,ANORÍ
11,2,SANTA FÉ DE 2
12,2,ANZÁ
13,2,APARTADÓ
14,2,ARBOLETES
15,2,ARGELIA
16,2,ARMENIA
17,2,BARBOSA
18,2,BELMIRA
19,2,BELLO
20,2,BETANIA
21,2,BETULIA
22,2,CIUDAD 7
23,2,BRICEÑO
24,2,BURITICÁ
25,2,CÁCERES
26,2,CAICEDO
27,2,9
28,2,CAMPAMENTO
29,2,CAÑASGORDAS
30,2,CARACOLÍ
31,2,CARAMANTA
32,2,CAREPA
33,2,EL CARMEN DE VIBORAL
34,2,CAROLINA
35,2,12SIA
36,2,CHIGORODÓ
37,2,CISNEROS
38,2,COCORNÁ
39,2,CONCEPCIÓN
40,2,CONCORDIA
41,2,COPACABANA
42,2,DABEIBA
43,2,DONMATÍAS
44,2,EBÉJICO
45,2,EL BAGRE
46,2,ENTRERRÍOS
47,2,ENVIGADO
48,2,FREDONIA
49,2,FRONTINO
50,2,GIRALDO
51,2,GIRARDOTA
52,2,GÓMEZ PLATA
53,2,GRANADA
54,2,GUADALUPE
55,2,GUARNE
56,2,GUATAPÉ
57,2,HELICONIA
58,2,HISPANIA
59,2,ITAGÜÍ
60,2,ITUANGO
61,2,JARDÍN
62,2,JERICÓ
63,2,LA CEJA
64,2,LA ESTRELLA
65,2,LA PINTADA
66,2,LA UNIÓN
67,2,LIBORINA
68,2,MACEO
69,2,MARINILLA
70,2,MONTEBELLO
71,2,MURINDÓ
72,2,MUTATÁ
73,2,23
74,2,NECOCLÍ
75,2,NECHÍ
76,2,OLAYA
77,2,PEÑOL
78,2,PEQUE
79,2,PUEBLORRICO
80,2,PUERTO BERRÍO
81,2,PUERTO NARE
82,2,PUERTO TRIUNFO
83,2,REMEDIOS
84,2,RETIRO
85,2,RIONEGRO
86,2,SABANALARGA
87,2,SABANETA
88,2,SALGAR
89,2,SAN ANDRÉS DE CUERQUÍA
90,2,SAN CARLOS
91,2,SAN FRANCISCO
92,2,SAN JERÓNIMO
93,2,SAN JOSÉ DE LA MONTAÑA
94,2,SAN JUAN DE URABÁ
95,2,SAN LUIS
96,2,SAN PEDRO DE LOS MILAGROS
97,2,SAN PEDRO DE URABÁ
98,2,SAN RAFAEL
99,2,SAN ROQUE
100,2,SAN VICENTE FERRER
101,2,SANTA BÁRBARA
102,2,SANTA ROSA DE OSOS
103,2,SANTO DOMINGO
104,2,EL SANTUARIO
105,2,SEGOVIA
106,2,SONSÓN
107,2,SOPETRÁN
108,2,TÁMESIS
109,2,TARAZÁ
110,2,TARSO
111,2,TITIRIBÍ
112,2,TOLEDO
113,2,TURBO
114,2,URAMITA
115,2,URRAO
116,2,VALDIVIA
117,2,VALPARAÍSO
118,2,VEGACHÍ
119,2,VENECIA
120,2,VIGÍA DEL FUERTE
121,2,YALÍ
122,2,YARUMAL
123,2,YOLOMBÓ
124,2,YONDÓ
125,2,ZARAGOZA
126,5,BARRANQUILLA
127,5,BARANOA
128,5,CAMPO DE LA CRUZ
129,5,CANDELARIA
130,5,GALAPA
131,5,JUAN DE ACOSTA
132,5,LURUACO
133,5,MALAMBO
134,5,MANATÍ
135,5,PALMAR DE VARELA
136,5,PIOJÓ
137,5,POLONUEVO
138,5,PONEDERA
139,5,PUERTO COLOMBIA
140,5,REPELÓN
141,5,SABANAGRANDE
142,5,SABANALARGA
143,5,SANTA LUCÍA
144,5,SANTO TOMÁS
145,5,SOLEDAD
146,5,SUAN
147,5,TUBARÁ
148,5,USIACURÍ
149,6,"BOGOTÁ, D.C."
150,7,CARTAGENA DE INDIAS
151,7,ACHÍ
152,7,ALTOS DEL ROSARIO
153,7,ARENAL
154,7,ARJONA
155,7,ARROYOHONDO
156,7,BARRANCO DE LOBA
157,7,CALAMAR
158,7,CANTAGALLO
159,7,CICUCO
160,7,15
161,7,CLEMENCIA
162,7,EL CARMEN DE 7
163,7,EL GUAMO
164,7,EL PEÑÓN
165,7,HATILLO DE LOBA
166,7,MAGANGUÉ
167,7,MAHATES
168,7,MARGARITA
169,7,MARÍA LA BAJA
170,7,MONTECRISTO
171,7,MOMPÓS
172,7,MORALES
173,7,NOROSÍ
174,7,PINILLOS
175,7,REGIDOR
176,7,RÍO VIEJO
177,7,SAN CRISTÓBAL
178,7,SAN ESTANISLAO
179,7,SAN FERNANDO
180,7,SAN JACINTO
181,7,SAN JACINTO DEL 12
182,7,SAN JUAN NEPOMUCENO
183,7,SAN MARTÍN DE LOBA
184,7,SAN PABLO
185,7,SANTA CATALINA
186,7,SANTA ROSA
187,7,SANTA ROSA DEL SUR
188,7,SIMITÍ
189,7,SOPLAVIENTO
190,7,TALAIGUA NUEVO
191,7,TIQUISIO
192,7,TURBACO
193,7,TURBANÁ
194,7,VILLANUEVA
195,7,ZAMBRANO
196,8,TUNJA
197,8,ALMEIDA
198,8,AQUITANIA
199,8,ARCABUCO
200,8,BELÉN
201,8,BERBEO
202,8,BETÉITIVA
203,8,BOAVITA
204,8,8
205,8,BRICEÑO
206,8,BUENAVISTA
207,8,BUSBANZÁ
208,8,9
209,8,CAMPOHERMOSO
210,8,CERINZA
211,8,CHINAVITA
212,8,CHIQUINQUIRÁ
213,8,CHISCAS
214,8,CHITA
215,8,CHITARAQUE
216,8,CHIVATÁ
217,8,CIÉNEGA
218,8,CÓMBITA
219,8,COPER
220,8,CORRALES
221,8,COVARACHÍA
222,8,CUBARÁ
223,8,CUCAITA
224,8,CUÍTIVA
225,8,CHÍQUIZA
226,8,CHIVOR
227,8,DUITAMA
228,8,EL COCUY
229,8,EL ESPINO
230,8,FIRAVITOBA
231,8,FLORESTA
232,8,GACHANTIVÁ
233,8,GÁMEZA
234,8,GARAGOA
235,8,GUACAMAYAS
236,8,GUATEQUE
237,8,GUAYATÁ
238,8,GÜICÁN DE LA SIERRA
239,8,IZA
240,8,JENESANO
241,8,JERICÓ
242,8,LABRANZAGRANDE
243,8,LA CAPILLA
244,8,LA VICTORIA
245,8,LA UVITA
246,8,VILLA DE LEYVA
247,8,MACANAL
248,8,MARIPÍ
249,8,MIRAFLORES
250,8,MONGUA
251,8,MONGUÍ
252,8,MONIQUIRÁ
253,8,MOTAVITA
254,8,MUZO
255,8,NOBSA
256,8,NUEVO COLÓN
257,8,OICATÁ
258,8,OTANCHE
259,8,PACHAVITA
260,8,PÁEZ
261,8,PAIPA
262,8,PAJARITO
263,8,PANQUEBA
264,8,PAUNA
265,8,PAYA
266,8,PAZ DE RÍO
267,8,PESCA
268,8,PISBA
269,8,PUERTO 8
270,8,QUÍPAMA
271,8,RAMIRIQUÍ
272,8,RÁQUIRA
273,8,RONDÓN
274,8,SABOYÁ
275,8,SÁCHICA
276,8,SAMACÁ
277,8,SAN EDUARDO
278,8,SAN JOSÉ DE PARE
279,8,SAN LUIS DE GACENO
280,8,SAN MATEO
281,8,SAN MIGUEL DE SEMA
282,8,SAN PABLO DE BORBUR
283,8,SANTANA
284,8,SANTA MARÍA
285,8,SANTA ROSA DE VITERBO
286,8,SANTA SOFÍA
287,8,SATIVANORTE
288,8,SATIVASUR
289,8,SIACHOQUE
290,8,SOATÁ
291,8,SOCOTÁ
292,8,SOCHA
293,8,SOGAMOSO
294,8,SOMONDOCO
295,8,SORA
296,8,SOTAQUIRÁ
297,8,SORACÁ
298,8,SUSACÓN
299,8,SUTAMARCHÁN
300,8,SUTATENZA
301,8,TASCO
302,8,TENZA
303,8,TIBANÁ
304,8,TIBASOSA
305,8,TINJACÁ
306,8,TIPACOQUE
307,8,TOCA
308,8,TOGÜÍ
309,8,TÓPAGA
310,8,TOTA
311,8,TUNUNGUÁ
312,8,TURMEQUÉ
313,8,TUTA
314,8,TUTAZÁ
315,8,ÚMBITA
316,8,VENTAQUEMADA
317,8,VIRACACHÁ
318,8,ZETAQUIRA
319,9,MANIZALES
320,9,AGUADAS
321,9,ANSERMA
322,9,ARANZAZU
323,9,BELALCÁZAR
324,9,CHINCHINÁ
325,9,FILADELFIA
326,9,LA DORADA
327,9,LA MERCED
328,9,MANZANARES
329,9,MARMATO
330,9,MARQUETALIA
331,9,MARULANDA
332,9,NEIRA
333,9,NORCASIA
334,9,PÁCORA
335,9,PALESTINA
336,9,PENSILVANIA
337,9,RIOSUCIO
338,9,27
339,9,SALAMINA
340,9,SAMANÁ
341,9,SAN JOSÉ
342,9,SUPÍA
343,9,VICTORIA
344,9,VILLAMARÍA
345,9,VITERBO
346,10,FLORENCIA
347,10,ALBANIA
348,10,BELÉN DE LOS ANDAQUÍES
349,10,CARTAGENA DEL CHAIRÁ
350,10,CURILLO
351,10,EL DONCELLO
352,10,EL PAUJÍL
353,10,LA MONTAÑITA
354,10,MILÁN
355,10,MORELIA
356,10,PUERTO RICO
357,10,SAN JOSÉ DEL FRAGUA
358,10,SAN VICENTE DEL CAGUÁN
359,10,SOLANO
360,10,SOLITA
361,10,VALPARAÍSO
362,12,POPAYÁN
363,12,ALMAGUER
364,12,ARGELIA
365,12,BALBOA
366,12,7
367,12,BUENOS AIRES
368,12,CAJIBÍO
369,12,CALDONO
370,12,CALOTO
371,12,CORINTO
372,12,EL TAMBO
373,12,FLORENCIA
374,12,GUACHENÉ
375,12,GUAPÍ
376,12,INZÁ
377,12,JAMBALÓ
378,12,LA SIERRA
379,12,LA VEGA
380,12,LÓPEZ DE MICAY
381,12,MERCADERES
382,12,MIRANDA
383,12,MORALES
384,12,PADILLA
385,12,PÁEZ
386,12,PATÍA
387,12,PIAMONTE
388,12,PIENDAMÓ
389,12,PUERTO TEJADA
390,12,PURACÉ
391,12,ROSAS
392,12,SAN SEBASTIÁN
393,12,28 DE QUILICHAO
394,12,SANTA ROSA
395,12,SILVIA
396,12,SOTARA
397,12,SUÁREZ
398,12,29
399,12,TIMBÍO
400,12,TIMBIQUÍ
401,12,TORIBÍO
402,12,TOTORÓ
403,12,VILLA RICA
404,13,VALLEDUPAR
405,13,AGUACHICA
406,13,AGUSTÍN CODAZZI
407,13,ASTREA
408,13,BECERRIL
409,13,BOSCONIA
410,13,CHIMICHAGUA
411,13,CHIRIGUANÁ
412,13,CURUMANÍ
413,13,EL COPEY
414,13,EL PASO
415,13,GAMARRA
416,13,GONZÁLEZ
417,13,LA GLORIA
418,13,LA JAGUA DE IBIRICO
419,13,MANAURE BALCÓN DEL 13
420,13,PAILITAS
421,13,PELAYA
422,13,PUEBLO BELLO
423,13,RÍO DE ORO
424,13,LA PAZ
425,13,SAN ALBERTO
426,13,SAN DIEGO
427,13,SAN MARTÍN
428,13,TAMALAMEQUE
429,15,MONTERÍA
430,15,AYAPEL
431,15,BUENAVISTA
432,15,CANALETE
433,15,CERETÉ
434,15,CHIMÁ
435,15,CHINÚ
436,15,CIÉNAGA DE ORO
437,15,COTORRA
438,15,LA APARTADA
439,15,LORICA
440,15,LOS 15S
441,15,MOMIL
442,15,MONTELÍBANO
443,15,MOÑITOS
444,15,PLANETA RICA
445,15,PUEBLO NUEVO
446,15,PUERTO ESCONDIDO
447,15,PUERTO LIBERTADOR
448,15,PURÍSIMA DE LA CONCEPCIÓN
449,15,SAHAGÚN
450,15,SAN ANDRÉS DE SOTAVENTO
451,15,SAN ANTERO
452,15,SAN BERNARDO DEL VIENTO
453,15,SAN CARLOS
454,15,SAN JOSÉ DE URÉ
455,15,SAN PELAYO
456,15,TIERRALTA
457,15,TUCHÍN
458,15,VALENCIA
459,16,AGUA DE DIOS
460,16,ALBÁN
461,16,ANAPOIMA
462,16,ANOLAIMA
463,16,ARBELÁEZ
464,16,BELTRÁN
465,16,BITUIMA
466,16,BOJACÁ
467,16,CABRERA
468,16,CACHIPAY
469,16,CAJICÁ
470,16,CAPARRAPÍ
471,16,CÁQUEZA
472,16,CARMEN DE CARUPA
473,16,CHAGUANÍ
474,16,CHÍA
475,16,CHIPAQUE
476,16,CHOACHÍ
477,16,CHOCONTÁ
478,16,COGUA
479,16,COTA
480,16,CUCUNUBÁ
481,16,EL COLEGIO
482,16,EL PEÑÓN
483,16,EL ROSAL
484,16,FACATATIVÁ
485,16,FÓMEQUE
486,16,FOSCA
487,16,FUNZA
488,16,FÚQUENE
489,16,FUSAGASUGÁ
490,16,GACHALÁ
491,16,GACHANCIPÁ
492,16,GACHETÁ
493,16,GAMA
494,16,GIRARDOT
495,16,GRANADA
496,16,GUACHETÁ
497,16,GUADUAS
498,16,GUASCA
499,16,GUATAQUÍ
500,16,GUATAVITA
501,16,GUAYABAL DE SÍQUIMA
502,16,GUAYABETAL
503,16,GUTIÉRREZ
504,16,JERUSALÉN
505,16,JUNÍN
506,16,LA CALERA
507,16,LA MESA
508,16,LA PALMA
509,16,LA PEÑA
510,16,LA VEGA
511,16,LENGUAZAQUE
512,16,MACHETÁ
513,16,MADRID
514,16,MANTA
515,16,MEDINA
516,16,MOSQUERA
517,16,23
518,16,NEMOCÓN
519,16,NILO
520,16,NIMAIMA
521,16,NOCAIMA
522,16,VENECIA
523,16,PACHO
524,16,PAIME
525,16,PANDI
526,16,PARATEBUENO
527,16,PASCA
528,16,PUERTO SALGAR
529,16,PULÍ
530,16,QUEBRADANEGRA
531,16,QUETAME
532,16,QUIPILE
533,16,APULO
534,16,RICAURTE
535,16,SAN ANTONIO DEL TEQUENDAMA
536,16,SAN BERNARDO
537,16,SAN CAYETANO
538,16,SAN FRANCISCO
539,16,SAN JUAN DE RIOSECO
540,16,SASAIMA
541,16,SESQUILÉ
542,16,SIBATÉ
543,16,SILVANIA
544,16,SIMIJACA
545,16,SOACHA
546,16,SOPÓ
547,16,SUBACHOQUE
548,16,SUESCA
549,16,SUPATÁ
550,16,SUSA
551,16,SUTATAUSA
552,16,TABIO
553,16,TAUSA
554,16,TENA
555,16,TENJO
556,16,TIBACUY
557,16,TIBIRITA
558,16,TOCAIMA
559,16,TOCANCIPÁ
560,16,TOPAIPÍ
561,16,UBALÁ
562,16,UBAQUE
563,16,VILLA DE SAN DIEGO DE UBATÉ
564,16,UNE
565,16,ÚTICA
566,16,VERGARA
567,16,VIANÍ
568,16,VILLAGÓMEZ
569,16,VILLAPINZÓN
570,16,VILLETA
571,16,VIOTÁ
572,16,YACOPÍ
573,16,ZIPACÓN
574,16,ZIPAQUIRÁ
575,14,QUIBDÓ
576,14,ACANDÍ
577,14,ALTO BAUDÓ
578,14,ATRATO
579,14,BAGADÓ
580,14,BAHÍA SOLANO
581,14,BAJO BAUDÓ
582,14,BOJAYÁ
583,14,EL CANTÓN DEL SAN PABLO
584,14,CARMEN DEL DARIÉN
585,14,CÉRTEGUI
586,14,CONDOTO
587,14,EL CARMEN DE ATRATO
588,14,EL LITORAL DEL SAN JUAN
589,14,ISTMINA
590,14,JURADÓ
591,14,LLORÓ
592,14,MEDIO ATRATO
593,14,MEDIO BAUDÓ
594,14,MEDIO SAN JUAN
595,14,NÓVITA
596,14,NUQUÍ
597,14,RÍO IRÓ
598,14,RÍO QUITO
599,14,RIOSUCIO
600,14,SAN JOSÉ DEL PALMAR
601,14,SIPÍ
602,14,TADÓ
603,14,UNGUÍA
604,14,UNIÓN PANAMERICANA
605,19,NEIVA
606,19,ACEVEDO
607,19,AGRADO
608,19,AIPE
609,19,ALGECIRAS
610,19,ALTAMIRA
611,19,BARAYA
612,19,CAMPOALEGRE
613,19,COLOMBIA
614,19,ELÍAS
615,19,GARZÓN
616,19,GIGANTE
617,19,GUADALUPE
618,19,HOBO
619,19,ÍQUIRA
620,19,ISNOS
621,19,LA ARGENTINA
622,19,LA PLATA
623,19,NÁTAGA
624,19,OPORAPA
625,19,PAICOL
626,19,PALERMO
627,19,PALESTINA
628,19,PITAL
629,19,PITALITO
630,19,RIVERA
631,19,SALADOBLANCO
632,19,SAN AGUSTÍN
633,19,SANTA MARÍA
634,19,SUAZA
635,19,TARQUI
636,19,TESALIA
637,19,TELLO
638,19,TERUEL
639,19,TIMANÁ
640,19,VILLAVIEJA
641,19,YAGUARÁ
642,20,RIOHACHA
643,20,ALBANIA
644,20,BARRANCAS
645,20,DIBULLA
646,20,DISTRACCIÓN
647,20,EL MOLINO
648,20,FONSECA
649,20,HATONUEVO
650,20,LA JAGUA DEL PILAR
651,20,MAICAO
652,20,MANAURE
653,20,SAN JUAN DEL 13
654,20,URIBIA
655,20,URUMITA
656,20,VILLANUEVA
657,21,SANTA MARTA
658,21,ALGARROBO
659,21,ARACATACA
660,21,ARIGUANÍ
661,21,CERRO DE SAN ANTONIO
662,21,CHIVOLO
663,21,CIÉNAGA
664,21,CONCORDIA
665,21,EL BANCO
666,21,EL PIÑÓN
667,21,EL RETÉN
668,21,FUNDACIÓN
669,21,GUAMAL
670,21,NUEVA GRANADA
671,21,PEDRAZA
672,21,PIJIÑO DEL CARMEN
673,21,PIVIJAY
674,21,PLATO
675,21,PUEBLOVIEJO
676,21,REMOLINO
677,21,SABANAS DE SAN ÁNGEL
678,21,SALAMINA
679,21,SAN SEBASTIÁN DE BUENAVISTA
680,21,SAN ZENÓN
681,21,SANTA ANA
682,21,SANTA BÁRBARA DE PINTO
683,21,SITIONUEVO
684,21,TENERIFE
685,21,ZAPAYÁN
686,21,ZONA BANANERA
687,22,VILLAVICENCIO
688,22,ACACÍAS
689,22,BARRANCA DE UPÍA
690,22,CABUYARO
691,22,CASTILLA LA NUEVA
692,22,CUBARRAL
693,22,CUMARAL
694,22,EL CALVARIO
695,22,EL CASTILLO
696,22,EL DORADO
697,22,FUENTE DE ORO
698,22,GRANADA
699,22,GUAMAL
700,22,MAPIRIPÁN
701,22,MESETAS
702,22,LA MACARENA
703,22,URIBE
704,22,LEJANÍAS
705,22,PUERTO CONCORDIA
706,22,PUERTO GAITÁN
707,22,PUERTO LÓPEZ
708,22,PUERTO LLERAS
709,22,PUERTO RICO
710,22,RESTREPO
711,22,SAN CARLOS DE GUAROA
712,22,SAN JUAN DE ARAMA
713,22,SAN JUANITO
714,22,SAN MARTÍN
715,22,VISTAHERMOSA
716,23,PASTO
717,23,ALBÁN
718,23,ALDANA
719,23,ANCUYÁ
720,23,ARBOLEDA
721,23,BARBACOAS
722,23,BELÉN
723,23,BUESACO
724,23,COLÓN
725,23,CONSACÁ
726,23,CONTADERO
727,23,15
728,23,CUASPÚD
729,23,CUMBAL
730,23,CUMBITARA
731,23,CHACHAGÜÍ
732,23,EL CHARCO
733,23,EL PEÑOL
734,23,EL ROSARIO
735,23,EL TABLÓN DE GÓMEZ
736,23,EL TAMBO
737,23,FUNES
738,23,GUACHUCAL
739,23,GUAITARILLA
740,23,GUALMATÁN
741,23,ILES
742,23,IMUÉS
743,23,IPIALES
744,23,LA CRUZ
745,23,LA FLORIDA
746,23,LA LLANADA
747,23,LA TOLA
748,23,LA UNIÓN
749,23,LEIVA
750,23,LINARES
751,23,LOS ANDES
752,23,MAGÜÍ
753,23,MALLAMA
754,23,MOSQUERA
755,23,23
756,23,OLAYA HERRERA
757,23,OSPINA
758,23,FRANCISCO PIZARRO
759,23,POLICARPA
760,23,POTOSÍ
761,23,PROVIDENCIA
762,23,PUERRES
763,23,PUPIALES
764,23,RICAURTE
765,23,ROBERTO PAYÁN
766,23,SAMANIEGO
767,23,SANDONÁ
768,23,SAN BERNARDO
769,23,SAN LORENZO
770,23,SAN PABLO
771,23,SAN PEDRO DE CARTAGO
772,23,SANTA BÁRBARA
773,23,SANTACRUZ
774,23,SAPUYES
775,23,TAMINANGO
776,23,TANGUA
777,23,SAN ANDRÉS DE TUMACO
778,23,TÚQUERRES
779,23,YACUANQUER
780,24,CÚCUTA
781,24,ÁBREGO
782,24,ARBOLEDAS
783,24,BOCHALEMA
784,24,BUCARASICA
785,24,CÁCOTA
786,24,CÁCHIRA
787,24,CHINÁCOTA
788,24,CHITAGÁ
789,24,CONVENCIÓN
790,24,CUCUTILLA
791,24,DURANIA
792,24,EL CARMEN
793,24,EL TARRA
794,24,EL ZULIA
795,24,GRAMALOTE
796,24,HACARÍ
797,24,HERRÁN
798,24,LABATECA
799,24,LA ESPERANZA
800,24,LA PLAYA
801,24,LOS PATIOS
802,24,LOURDES
803,24,MUTISCUA
804,24,OCAÑA
805,24,PAMPLONA
806,24,PAMPLONITA
807,24,PUERTO 28
808,24,RAGONVALIA
809,24,SALAZAR
810,24,SAN CALIXTO
811,24,SAN CAYETANO
812,24,SANTIAGO
813,24,SARDINATA
814,24,SILOS
815,24,TEORAMA
816,24,TIBÚ
817,24,TOLEDO
818,24,VILLA CARO
819,24,VILLA DEL ROSARIO
820,26,ARMENIA
821,26,BUENAVISTA
822,26,CALARCÁ
823,26,CIRCASIA
824,26,15
825,26,FILANDIA
826,26,GÉNOVA
827,26,LA TEBAIDA
828,26,MONTENEGRO
829,26,PIJAO
830,26,QUIMBAYA
831,26,SALENTO
832,27,PEREIRA
833,27,APÍA
834,27,BALBOA
835,27,BELÉN DE UMBRÍA
836,27,DOSQUEBRADAS
837,27,GUÁTICA
838,27,LA CELIA
839,27,LA VIRGINIA
840,27,MARSELLA
841,27,MISTRATÓ
842,27,PUEBLO RICO
843,27,QUINCHÍA
844,27,SANTA ROSA DE CABAL
845,27,SANTUARIO
846,28,BUCARAMANGA
847,28,AGUADA
848,28,ALBANIA
849,28,ARATOCA
850,28,BARBOSA
851,28,BARICHARA
852,28,BARRANCABERMEJA
853,28,BETULIA
854,28,7
855,28,CABRERA
856,28,CALIFORNIA
857,28,CAPITANEJO
858,28,CARCASÍ
859,28,CEPITÁ
860,28,CERRITO
861,28,CHARALÁ
862,28,CHARTA
863,28,CHIMA
864,28,CHIPATÁ
865,28,CIMITARRA
866,28,CONCEPCIÓN
867,28,CONFINES
868,28,CONTRATACIÓN
869,28,COROMORO
870,28,CURITÍ
871,28,EL CARMEN DE CHUCURÍ
872,28,EL GUACAMAYO
873,28,EL PEÑÓN
874,28,EL PLAYÓN
875,28,ENCINO
876,28,ENCISO
877,28,FLORIÁN
878,28,FLORIDABLANCA
879,28,GALÁN
880,28,GÁMBITA
881,28,GIRÓN
882,28,GUACA
883,28,GUADALUPE
884,28,GUAPOTÁ
885,28,GUAVATÁ
886,28,GÜEPSA
887,28,HATO
888,28,JESÚS MARÍA
889,28,JORDÁN
890,28,LA BELLEZA
891,28,LANDÁZURI
892,28,LA PAZ
893,28,LEBRIJA
894,28,LOS SANTOS
895,28,MACARAVITA
896,28,MÁLAGA
897,28,MATANZA
898,28,MOGOTES
899,28,MOLAGAVITA
900,28,OCAMONTE
901,28,OIBA
902,28,ONZAGA
903,28,PALMAR
904,28,PALMAS DEL SOCORRO
905,28,PÁRAMO
906,28,PIEDECUESTA
907,28,PINCHOTE
908,28,PUENTE NACIONAL
909,28,PUERTO PARRA
910,28,PUERTO WILCHES
911,28,RIONEGRO
912,28,SABANA DE TORRES
913,28,SAN ANDRÉS
914,28,SAN BENITO
915,28,SAN GIL
916,28,SAN JOAQUÍN
917,28,SAN JOSÉ DE MIRANDA
918,28,SAN MIGUEL
919,28,SAN VICENTE DE CHUCURÍ
920,28,SANTA BÁRBARA
921,28,SANTA HELENA DEL OPÓN
922,28,SIMACOTA
923,28,SOCORRO
924,28,SUAITA
925,28,29
926,28,SURATÁ
927,28,TONA
928,28,VALLE DE SAN JOSÉ
929,28,VÉLEZ
930,28,VETAS
931,28,VILLANUEVA
932,28,ZAPATOCA
933,29,SINCELEJO
934,29,BUENAVISTA
935,29,CAIMITO
936,29,COLOSÓ
937,29,COROZAL
938,29,COVEÑAS
939,29,CHALÁN
940,29,EL ROBLE
941,29,GALERAS
942,29,GUARANDA
943,29,LA UNIÓN
944,29,LOS PALMITOS
945,29,MAJAGUAL
946,29,MORROA
947,29,OVEJAS
948,29,PALMITO
949,29,SAMPUÉS
950,29,SAN BENITO ABAD
951,29,SAN JUAN DE BETULIA
952,29,SAN MARCOS
953,29,SAN ONOFRE
954,29,SAN PEDRO
955,29,SAN LUIS DE SINCÉ
956,29,29
957,29,SANTIAGO DE TOLÚ
958,29,TOLÚ VIEJO
959,30,IBAGUÉ
960,30,ALPUJARRA
961,30,ALVARADO
962,30,AMBALEMA
963,30,ANZOÁTEGUI
964,30,ARMERO GUAYABAL
965,30,ATACO
966,30,CAJAMARCA
967,30,CARMEN DE APICALÁ
968,30,CASABIANCA
969,30,CHAPARRAL
970,30,COELLO
971,30,COYAIMA
972,30,CUNDAY
973,30,DOLORES
974,30,ESPINAL
975,30,FALAN
976,30,FLANDES
977,30,FRESNO
978,30,GUAMO
979,30,HERVEO
980,30,HONDA
981,30,ICONONZO
982,30,LÉRIDA
983,30,LÍBANO
984,30,SAN SEBASTIÁN DE MARIQUITA
985,30,MELGAR
986,30,MURILLO
987,30,NATAGAIMA
988,30,ORTEGA
989,30,PALOCABILDO
990,30,PIEDRAS
991,30,PLANADAS
992,30,PRADO
993,30,PURIFICACIÓN
994,30,RIOBLANCO
995,30,RONCESVALLES
996,30,ROVIRA
997,30,SALDAÑA
998,30,SAN ANTONIO
999,30,SAN LUIS
1000,30,SANTA ISABEL
1001,30,SUÁREZ
1002,30,VALLE DE SAN JUAN
1003,30,VENADILLO
1004,30,VILLAHERMOSA
1005,30,VILLARRICA
1006,31,CALI
1007,31,ALCALÁ
1008,31,ANDALUCÍA
1009,31,ANSERMANUEVO
1010,31,ARGELIA
1011,31,7
1012,31,BUENAVENTURA
1013,31,GUADALAJARA DE BUGA
1014,31,BUGALAGRANDE
1015,31,CAICEDONIA
1016,31,CALIMA
1017,31,CANDELARIA
1018,31,CARTAGO
1019,31,DAGUA
1020,31,EL ÁGUILA
1021,31,EL CAIRO
1022,31,EL CERRITO
1023,31,EL DOVIO
1024,31,FLORIDA
1025,31,GINEBRA
1026,31,GUACARÍ
1027,31,JAMUNDÍ
1028,31,LA CUMBRE
1029,31,LA UNIÓN
1030,31,LA VICTORIA
1031,31,OBANDO
1032,31,PALMIRA
1033,31,PRADERA
1034,31,RESTREPO
1035,31,RIOFRÍO
1036,31,ROLDANILLO
1037,31,SAN PEDRO
1038,31,SEVILLA
1039,31,TORO
1040,31,TRUJILLO
1041,31,TULUÁ
1042,31,ULLOA
1043,31,VERSALLES
1044,31,VIJES
1045,31,YOTOCO
1046,31,YUMBO
1047,31,ZARZAL
1048,3,3
1049,3,ARAUQUITA
1050,3,CRAVO NORTE
1051,3,FORTUL
1052,3,PUERTO RONDÓN
1053,3,SARAVENA
1054,3,TAME
1055,11,YOPAL
1056,11,AGUAZUL
1057,11,CHÁMEZA
1058,11,HATO COROZAL
1059,11,LA SALINA
1060,11,MANÍ
1061,11,MONTERREY
1062,11,NUNCHÍA
1063,11,OROCUÉ
1064,11,PAZ DE ARIPORO
1065,11,PORE
1066,11,RECETOR
1067,11,SABANALARGA
1068,11,SÁCAMA
1069,11,SAN LUIS DE PALENQUE
1070,11,TÁMARA
1071,11,TAURAMENA
1072,11,TRINIDAD
1073,11,VILLANUEVA
1074,25,MOCOA
1075,25,COLÓN
1076,25,ORITO
1077,25,PUERTO ASÍS
1078,25,PUERTO CAICEDO
1079,25,PUERTO GUZMÁN
1080,25,PUERTO LEGUÍZAMO
1081,25,SIBUNDOY
1082,25,SAN FRANCISCO
1083,25,SAN MIGUEL
1084,25,SANTIAGO
1085,25,VALLE DEL GUAMUEZ
1086,25,VILLAGARZÓN
1087,4,SAN ANDRÉS
1088,4,PROVIDENCIA
1089,1,LETICIA
1090,1,EL ENCANTO
1091,1,LA CHORRERA
1092,1,LA PEDRERA
1093,1,LA VICTORIA
1094,1,MIRITÍ - PARANÁ
1095,1,PUERTO ALEGRÍA
1096,1,PUERTO ARICA
1097,1,PUERTO 23
1098,1,PUERTO 28
1099,1,TARAPACÁ
1100,17,INÍRIDA
1101,17,BARRANCO MINAS
1102,17,MAPIRIPANA
1103,17,SAN FELIPE
1104,17,PUERTO COLOMBIA
1105,17,LA GUADALUPE
1106,17,CACAHUAL
1107,17,PANA PANA
1108,17,MORICHAL
1109,18,SAN JOSÉ DEL 18
1110,18,CALAMAR
1111,18,EL RETORNO
1112,18,MIRAFLORES
1113,32,MITÚ
1114,32,CARURÚ
1115,32,PACOA
1116,32,TARAIRA
1117,32,PAPUNAUA
1118,32,YAVARATÉ
1119,33,PUERTO CARREÑO
1120,33,LA PRIMAVERA
1121,33,SANTA ROSALÍA
1122,33,CUMARIBO
